fbus,tbus,r,x,b,rate,ID,is_aux
1,2,0.00281,0.0281,0.00712,3.6,1,0.0
1,4,0.00304,0.0304,0.00658,3.834,2,0.0
1,5,0.00064,0.0064,0.03126,3.834,3,0.0
2,3,0.00108,0.0108,0.01852,3.834,4,0.0
3,4,0.00297,0.0297,0.00674,3.834,5,0.0
4,5,0.00297,0.0297,0.00674,2.16,6,0.0
