bus,C2,C1,C0,Pmax,Pmin,Qmax,Qmin
30,0,6.724778,0,1040.0,0,400.0,140.0
31,0,14.707625,0,646.0,0,300.0,-100.0
32,0,24.804734,0,725.0,0,300.0,150.0
33,0,34.844643,0,652.0,0,250.0,0.0
34,0,24.652994,0,508.0,0,167.0,0.0
35,0,32.306483,0,687.0,0,300.0,-100.0
36,0,18.157477,0,580.0,0,240.0,0.0
37,0,31.550181,0,564.0,0,250.0,0.0
38,0,22.503168,0,865.0,0,300.0,-150.0
39,0,27.434444,0,1100.0,0,300.0,-100.0
